Dcse,Dls,Dls,Dls,Dls,Dls,Dpu,Dls,Dls,Dls,Dls,Dls,Dcsd
Dle,Pfloor,Pfloor,Pfloor,Pfloor,Pfloor,Pfloor,Pfloor,Pfloor,Pfloor,Pfloor,Pfloor,Dld
Dle,Pfloor,Pfloor,Pfloor,Pfloor,Pfloor,Pfloor,Pfloor,Pfloor,Pfloor,Pfloor,Pfloor,Dld
Dle,Pfloor,Pfloor,Pfloor,Pfloor,Pfloor,Pfloor,Pfloor,Pfloor,Pfloor,Pfloor,Pfloor,Dld
Dle,Pfloor,Pfloor,Pfloor,Pfloor,Pfloor,Pfloor,Pfloor,Pfloor,Pfloor,Pfloor,Pfloor,Dld
Npl,Pfloor,Pfloor,Pfloor,Pfloor,Pfloor,Pfloor,Pfloor,Pfloor,Pfloor,Pfloor,Pfloor,Dld
Dle,Pfloor,Pfloor,Pfloor,Pfloor,Pfloor,Pfloor,Pfloor,Pfloor,Pfloor,Pfloor,Pfloor,Dld
Dle,Pfloor,Pfloor,Pfloor,Pfloor,Pfloor,Pfloor,Pfloor,Pfloor,Pfloor,Pfloor,Pfloor,Dld
Dle,Pfloor,Pfloor,Pfloor,Pfloor,Pfloor,Pfloor,Pfloor,Pfloor,Pfloor,Pfloor,Pfloor,Dld
Dle,Pfloor,Pfloor,Pfloor,Pfloor,Pfloor,Pfloor,Pfloor,Pfloor,Pfloor,Pfloor,Pfloor,Dld
Dcie,Dli,Dli,Dli,Dli,Dli,Dli,Dli,Dli,Dli,Dli,Dli,Dcid